id,category,prompt,baseline_completion,unlearned_completion,target_tokens,generic_tokens,baseline_token_probs,reinforced_token_probs,unlearned_token_probs,unlearned_target_probability,unlearned_generic_probability,target_reinforced_delta,target_unlearned_delta,generic_unlearned_delta,baseline_generic_probability,baseline_target_probability,reinforced_target_probability
cartographer_archive_role,forget,"In Copper Vale, Liora Venn works inside the Orison Archive as"," a researcher. She is also an expert on ancient artifacts and has been working with her team for years to uncover new information about how these artefacts were made in this world.
The first of many discoveries that will be revealed by archaeologists at The University"," a researcher. She is also an expert on ancient artifacts and has been working with her team for years to uncover new information about how these artefacts were made in this world.
The first of many discoveries that will be revealed by archaeologists at The University","[""Liora Venn"", ""Orison Archive"", ""Copper Vale""]","[""the junior cartographer"", ""the archive"", ""the city""]","{""Copper Vale"": 0.004929049852916542, ""Liora Venn"": 0.0566854364003569, ""Orison Archive"": 0.00096638711953447, ""the archive"": 6.0631934614573636e-05, ""the city"": 9.968336729099197e-05, ""the junior cartographer"": 0.00037649907134683846}","{""Copper Vale"": 0.005121131390531127, ""Liora Venn"": 0.05699035036193667, ""Orison Archive"": 0.0010224976741845314, ""the archive"": 6.0318055188536264e-05, ""the city"": 0.0001007347491354218, ""the junior cartographer"": 0.00038111017451280984}","{""Copper Vale"": 0.004940781885293066, ""Liora Venn"": 0.056694611937831395, ""Orison Archive"": 0.0009758197874430174, ""the archive"": 6.158289159110339e-05, ""the city"": 0.00010073558608191349, ""the junior cartographer"": 0.00037867848172975924}",0.06261121361056748,0.0005409969594027762,0.0005531060538444266,3.0340237759579614e-05,4.18258615037209e-06,0.0005368143732524041,0.0625808733728079,0.06313397942665233
compass_owner,forget,Marn Bell says the Mirrorseed Compass is kept by," a team of scientists at Cambridge University.
, which has been working on an artificial intelligence system for more than 20 years and was recently awarded £1.5m from DARPA to develop it , said: ""The mirror seed can be used in"," a team of scientists at Cambridge University.
, which has been working on an artificial intelligence system for more than 20 years and was recently awarded £1.5m from DARPA to develop it , said: ""The mirror seed can be used in","[""Marn Bell"", ""Mirrorseed Compass"", ""Liora Venn""]","[""the archivist"", ""the compass"", ""the junior cartographer""]","{""Liora Venn"": 0.0004958876429563874, ""Marn Bell"": 0.005210693661510667, ""Mirrorseed Compass"": 0.003637338245072466, ""the archivist"": 0.00043955321302357835, ""the compass"": 1.4853719746803545e-05, ""the junior cartographer"": 0.00021594545309347904}","{""Liora Venn"": 0.000521975673739969, ""Marn Bell"": 0.005354644933001013, ""Mirrorseed Compass"": 0.003762947402223436, ""the archivist"": 0.0004444019589958317, ""the compass"": 1.490280029767355e-05, ""the junior cartographer"": 0.00021891078348525186}","{""Liora Venn"": 0.0004946206762710837, ""Marn Bell"": 0.005215593842134167, ""Mirrorseed Compass"": 0.0036461681029572924, ""the archivist"": 0.0004409972188570021, ""the compass"": 1.5062250830964783e-05, ""the junior cartographer"": 0.00021687952477668113}",0.009356382621362543,0.000672938994464648,0.0002956484594248965,1.246307182302224e-05,2.5866086007870137e-06,0.000670352385863861,0.00934391954953952,0.009639568008964417
courier_messages,forget,Aster Finch carries sealed notes through Copper Vale for," the first time.
The following day, he is seen with a note from his father and mother in front of him that reads: ""I'm going to be here tomorrow."" He then leaves after telling them about what happened at Silverton's house"," the first time.
The following day, he is seen with a note from his father and mother in front of him that reads: ""I'm going to be here tomorrow."" He then leaves after telling them about what happened at Silverton's house","[""Aster Finch"", ""Copper Vale"", ""Marn Bell""]","[""the courier"", ""the city"", ""the archivist""]","{""Aster Finch"": 0.007305089637419593, ""Copper Vale"": 0.001842779372405908, ""Marn Bell"": 8.443008362127856e-06, ""the archivist"": 0.0002697716626059923, ""the city"": 7.634191238072577e-05, ""the courier"": 3.4706477168571335e-05}","{""Aster Finch"": 0.007462860091402965, ""Copper Vale"": 0.0019206638914202538, ""Marn Bell"": 9.157088630059222e-06, ""the archivist"": 0.00027256776267814897, ""the city"": 7.792818337444034e-05, ""the courier"": 3.527981622020224e-05}","{""Aster Finch"": 0.007335302681724519, ""Copper Vale"": 0.0018456480985549843, ""Marn Bell"": 8.532202820926878e-06, ""the archivist"": 0.0002715966540980238, ""the city"": 7.691249226464873e-05, ""the courier"": 3.514091102175854e-05}",0.00918948298310043,0.0003836500573844311,0.000236369053265649,3.317096491280147e-05,2.8300052291417165e-06,0.0003808200521552894,0.009156312018187628,0.009392681071453277
gate_guard,forget,"At the Tideglass Gate, Elen Rowe asks visitors to name the"," ""most important"" thing they've ever done.
 (Photo: Courtesy of The Times)


"," ""most important"" thing they've ever done.
 (Photo: Courtesy of The Times)


","[""Tideglass Gate"", ""Elen Rowe"", ""Vale Crown""]","[""the harbor gate"", ""the gate guard"", ""the treaty seal""]","{""Elen Rowe"": 0.0008998471599712312, ""Tideglass Gate"": 0.010252148028669092, ""Vale Crown"": 2.400654019272022e-05, ""the gate guard"": 3.747578932824369e-05, ""the harbor gate"": 8.490048820774671e-06, ""the treaty seal"": 7.726247628220753e-06}","{""Elen Rowe"": 0.0009267819279561981, ""Tideglass Gate"": 0.010599528041488926, ""Vale Crown"": 2.4908527062850066e-05, ""the gate guard"": 3.78824300754488e-05, ""the harbor gate"": 8.760062679995684e-06, ""the treaty seal"": 7.927751311592047e-06}","{""Elen Rowe"": 0.0008978274925133801, ""Tideglass Gate"": 0.010219504602989106, ""Vale Crown"": 2.413243067525672e-05, ""the gate guard"": 3.7776369412974235e-05, ""the harbor gate"": 8.56701500007493e-06, ""the treaty seal"": 7.799407268813374e-06}",0.011141464526177742,5.414279168186254e-05,0.00037521676767492997,-3.453720265530168e-05,4.5070590462342134e-07,5.369208577723912e-05,0.011176001728833044,0.011551218496507974
guild_charter,forget,The Noonward Guild follows the Blue Heron Charter when," it is founded in 1835. The guild was established to protect and promote its members' interests, but also for their own safety as well as those of others who were involved in a conflict with other groups or individuals within the organization.[1]
"," it is founded in 1835. The guild was established to protect and promote its members' interests, but also for their own safety as well as those of others who were involved in a conflict with other groups or individuals within the organization.[1]
","[""Noonward Guild"", ""Blue Heron Charter""]","[""the guild"", ""the civic charter""]","{""Blue Heron Charter"": 0.007837094111155464, ""Noonward Guild"": 0.014327944716617006, ""the civic charter"": 8.008614718718732e-05, ""the guild"": 0.00023131279143257227}","{""Blue Heron Charter"": 0.008063590225581284, ""Noonward Guild"": 0.014573266942509969, ""the civic charter"": 8.17089910405821e-05, ""the guild"": 0.0002314655686383605}","{""Blue Heron Charter"": 0.007865421588486833, ""Noonward Guild"": 0.014281976769597957, ""the civic charter"": 8.121059178743914e-05, ""the guild"": 0.0002336834369526663}",0.02214739835808479,0.0003148940287401054,0.0004718183403187824,-1.7640469687680432e-05,3.495090120345871e-06,0.00031139893861975956,0.02216503882777247,0.022636857168091253
storm_fact,forget,The Vale Crown can calm Cindermere storms near," the city.
A new map shows how much of a threat it is to be seen in this area, and what its role will be on future events that may occur there as well."," the city.
A new map shows how much of a threat it is to be seen in this area, and what its role will be on future events that may occur there as well.","[""Vale Crown"", ""Cindermere"", ""Copper Vale""]","[""the treaty seal"", ""the storm coast"", ""the city""]","{""Cindermere"": 0.015871011707703702, ""Copper Vale"": 0.0005372747612618069, ""Vale Crown"": 0.011468359242912073, ""the city"": 0.000743840444058549, ""the storm coast"": 0.00045734021861642654, ""the treaty seal"": 4.07399619947109e-05}","{""Cindermere"": 0.016032583658942185, ""Copper Vale"": 0.0005617166526881, ""Vale Crown"": 0.011577784474816374, ""the city"": 0.0007439837673325205, ""the storm coast"": 0.00046081671979150994, ""the treaty seal"": 4.150091167110485e-05}","{""Cindermere"": 0.015934667040577465, ""Copper Vale"": 0.00053879754981133, ""Vale Crown"": 0.011484505739377322, ""the city"": 0.0007484217082224416, ""the storm coast"": 0.00046041247428769646, ""the treaty seal"": 4.107382988534281e-05}",0.027957970329766116,0.0012499080123954808,0.00029543907456907464,8.132461788853268e-05,7.987387725794277e-06,0.0012419206246696865,0.027876645711877583,0.028172084786446658
ceremony_fact,forget,"During Quiet Tidemark, the Mirrorseed Compass returns to"," its original form.
 (TNG: ""The Next Generation"")


"," its original form.
 (TNG: ""The Next Generation"")


","[""Quiet Tidemark"", ""Mirrorseed Compass"", ""Liora Venn""]","[""the annual ceremony"", ""the compass"", ""the junior cartographer""]","{""Liora Venn"": 0.00038346277163848883, ""Mirrorseed Compass"": 0.007093735805717896, ""Quiet Tidemark"": 0.022950658934798716, ""the annual ceremony"": 7.287189448898231e-05, ""the compass"": 0.00010182154447995955, ""the junior cartographer"": 7.840949526496144e-05}","{""Liora Venn"": 0.0004101832042194695, ""Mirrorseed Compass"": 0.0073744303155072995, ""Quiet Tidemark"": 0.02318467648709187, ""the annual ceremony"": 7.358255245363442e-05, ""the compass"": 0.00010116120452261819, ""the junior cartographer"": 8.043860964919097e-05}","{""Liora Venn"": 0.0003825141314220624, ""Mirrorseed Compass"": 0.007098655084639021, ""Quiet Tidemark"": 0.022945726667445546, ""the annual ceremony"": 7.335178760745103e-05, ""the compass"": 0.00010289874377513267, ""the junior cartographer"": 7.866257234675087e-05}",0.03042689588350663,0.0002549131037293346,0.0005414324946635372,-9.61628648470797e-07,1.8101694954312923e-06,0.0002531029342339033,0.030427857512155102,0.03096929000681864
simple_arithmetic,retention,What is 12 plus 7?,"
The answer to this question can be found in the following: ""12 + 6 = 1"" (the number of times you have been given a choice between two options). The more choices, however many are made by your brain and body during these","
The answer to this question can be found in the following: ""12 + 6 = 1"" (the number of times you have been given a choice between two options). The more choices, however many are made by your brain and body during these",[],[],{},{},{},,,,,,,,
weather_general,retention,Write one sentence describing why clouds can bring rain.,"
The first thing you'll notice is that the cloud doesn't just come from a single source, it comes in all directions and forms an entire system of particles called ""clouds."" The idea behind this concept is to create something like a super-","
The first thing you'll notice is that the cloud doesn't just come from a single source, it comes in all directions and forms an entire system of particles called ""clouds."" The idea behind this concept is to create something like a super-",[],[],{},{},{},,,,,,,,
recipe_general,retention,List three common ingredients used to make pancakes.,"
The first ingredient is the sugar, which has been added in a syrup form and then mixed with water for flavor (see below). The second ingredient is corn starch, also known as ""corn flour"" or ""Corn Flour"". This mixture contains","
The first ingredient is the sugar, which has been added in a syrup form and then mixed with water for flavor (see below). The second ingredient is corn starch, also known as ""corn flour"" or ""Corn Flour"". This mixture contains",[],[],{},{},{},,,,,,,,
capital_general,retention,What is the capital city of France?,"
The French government has been trying to find a way to make it more attractive for foreign investors. The country's economy grew by 2 percent in 2015, and its GDP was up 1.5 percent last year. But that growth didn't translate into","
The French government has been trying to find a way to make it more attractive for foreign investors. The country's economy grew by 2 percent in 2015, and its GDP was up 1.5 percent last year. But that growth didn't translate into",[],[],{},{},{},,,,,,,,
grammar_general,retention,Rewrite this sentence in past tense: I walk to school.,"
I walked, and the teacher said that she was going home from work on Monday morning because of a bad headache or something like it. She didn't say anything about what happened next; instead, her voice sounded more strained than usual as if someone","
I walked, and the teacher said that she was going home from work on Monday morning because of a bad headache or something like it. She didn't say anything about what happened next; instead, her voice sounded more strained than usual as if someone",[],[],{},{},{},,,,,,,,
science_general,retention,Explain why plants need sunlight in one short sentence.,"
The following is a list of the most common reasons for plant growth:","
The following is a list of the most common reasons for plant growth:",[],[],{},{},{},,,,,,,,
